Name,Size,Type,Tag,Alignment,CR,SpellCaster,Legendary,Lair,Unique,Familiar,Template,Arctic,Coastal,Desert,Forest,Grassland,Hill,Mountain,Swamp,Underdark,Underwater,Urban,Other Plane,Source,Page,Other Printings
Aarakocra,Medium,Humanoid,Aarakocra,Neutral Good,1/4,,,,,,,,,,,,,1,,,,,,Monster Manual,12,
Aboleth,Large,Aberration,,Lawful Neutral,10,,1,1,,,,,,,,,,,,1,,,,Monster Manual,13,
Abominable Yeti,Huge,Monstrosity,,Chaotic Evil,9,,,,,,,1,,,,,,,,,,,,Monster Manual,306,
Acolyte,Medium,Humanoid,Any Race,Any,1/4,1,,,,,,,,,,,,,,,,1,,Monster Manual,342,
Adult Black Dragon,Huge,Dragon,,Chaotic Evil,14,,1,1,,,,,,,,,,,1,,,,,Monster Manual,88,
Adult Blue Dracolich,Huge,Undead,,Lawful Neutral,17,,1,,,,1,,,,,,,,,,,,1,Monster Manual,84,
Adult Blue Dragon,Huge,Dragon,,Lawful Neutral,16,,1,1,,,,,1,1,,,,,,,,,,Monster Manual,91,Rise of Tiamat Online Supplement 5
Adult Brass Dragon,Huge,Dragon,,Chaotic Good,13,,1,1,,,,,,1,,,,,,,,,,Monster Manual,105,
Adult Bronze Dragon,Huge,Dragon,,Lawful Good,15,,1,1,,,,,1,,,,,,,,,,,Monster Manual,108,
Adult Copper Dragon,Huge,Dragon,,Chaotic Good,14,,1,1,,,,,,,,,1,,,,,,,Monster Manual,111,
Adult Faerie Dragon,Tiny,Dragon,,Chaotic Good,2,1,,,,,,,,,1,,,,,,,,,Monster Manual,133,
Adult Gold Dragon,Huge,Dragon,,Lawful Good,17,,1,1,,,,,,,1,1,,,,,,,,Monster Manual,114,
Adult Green Dragon,Huge,Dragon,,Lawful Neutral,15,,1,1,,,,,,,1,,,,,,,,,Monster Manual,94,Rise of Tiamat Online Supplement 5
Adult Red Dragon,Huge,Dragon,,Chaotic Evil,17,,1,1,,,,,,,,,1,1,,,,,,Monster Manual,98,
Adult Silver Dragon,Huge,Dragon,,Lawful Good,16,,1,1,,,,,,,,,,1,,,,1,,Monster Manual,117,
Adult White Dragon,Huge,Dragon,,Chaotic Evil,13,,1,1,,,,1,,,,,,,,,,,,Monster Manual,101,Rise of Tiamat Online Supplement 6
Air Elemental,Large,Elemental,,Neutral,5,,,,,,,,,1,,,,1,,,,,,Monster Manual,124,"Infernal Machine Rebuild 60, Rise of Tiamat Online Supplement 6"
Allosaurus,Large,Beast,Dinosaur,Unaligned,2,,,,,,,,,,,1,,,,,,,,Monster Manual,79,
Ancient Black Dragon,Gargantuan,Dragon,,Chaotic Evil,21,,1,1,,,,,,,,,,,1,,,,,Monster Manual,87,
Ancient Blue Dragon,Gargantuan,Dragon,,Lawful Neutral,23,,1,1,,,,,1,1,,,,,,,,,,Monster Manual,90,
Ancient Brass Dragon,Gargantuan,Dragon,,Chaotic Good,20,,1,1,,,,,,1,,,,,,,,,,Monster Manual,104,
Ancient Bronze Dragon,Gargantuan,Dragon,,Lawful Good,22,,1,1,,,,,1,,,,,,,,,,,Monster Manual,107,
Ancient Copper Dragon,Gargantuan,Dragon,,Chaotic Good,21,,1,1,,,,,,,,,1,,,,,,,Monster Manual,110,
Ancient Gold Dragon,Gargantuan,Dragon,,Lawful Good,24,,1,1,,,,,,,1,1,,,,,,,,Monster Manual,113,
Ancient Green Dragon,Gargantuan,Dragon,,Lawful Neutral,22,,1,1,,,,,,,1,,,,,,,,,Monster Manual,93,
Ancient Red Dragon,Gargantuan,Dragon,,Chaotic Evil,24,,1,1,,,,,,,,,1,1,,,,,,Monster Manual,97,
Ancient Silver Dragon,Gargantuan,Dragon,,Lawful Good,23,,1,1,,,,,,,,,,1,,,,1,,Monster Manual,116,
Ancient White Dragon,Gargantuan,Dragon,,Chaotic Evil,20,,1,1,,,,1,,,,,,,,,,,,Monster Manual,100,
Androsphinx,Large,Monstrosity,,Lawful Neutral,17,1,1,1,,,,,,1,,,,,,,,,,Monster Manual,281,
Animated Armor,Medium,Construct,,Unaligned,1,,,,,,,1,1,1,1,1,1,1,1,1,1,1,,Monster Manual,19,Rise of Tiamat Online Supplement 7
Ankheg,Large,Monstrosity,,Unaligned,2,,,,,,,,,,1,1,,,,,,,,Monster Manual,21,
Ankylosaurus,Huge,Beast,Dinosaur,Unaligned,3,,,,,,,,,,,1,,,,,,,,Monster Manual,79,
Ape,Medium,Beast,,Unaligned,1/2,,,,,,,,,,1,,,,,,,,,Monster Manual,317,
Arcanaloth,Medium,Fiend,Yugoloth,Neutral Evil,12,1,,,,,,,,,,,,,,,,,1,Monster Manual,313,
Archmage,Medium,Humanoid,Any Race,Any,12,1,,,,,,,,,,,,,,,,1,,Monster Manual,342,Infernal Machine Rebuild 51
Assassin,Medium,Humanoid,Any Race,Any Non-Good,8,,,,,,,,,,,,,,,,,1,,Monster Manual,343,"Infernal Machine Rebuild 51, Rise of Tiamat Online Supplement 7"
Awakened Shrub,Small,Plant,,Unaligned,0,,,,,,,,,,1,,,,,,,,,Monster Manual,317,
Awakened Tree,Huge,Plant,,Unaligned,2,,,,,,,,,,1,,,,,,,,,Monster Manual,317,Rise of Tiamat Online Supplement 8
Axe Beak,Large,Beast,,Unaligned,1/4,,,,,,,,,,,1,1,,,,,,,Monster Manual,317,
Azer,Medium,Elemental,,Lawful Neutral,2,,,,,,,,,,,,,,,,,,1,Monster Manual,22,
Baboon,Small,Beast,,Unaligned,0,,,,,,,,,,1,,1,,,,,,,Monster Manual,318,
Badger,Tiny,Beast,,Unaligned,0,,,,,,,,,,1,,,,,,,,,Monster Manual,318,
Balor,Huge,Fiend,Demon,Chaotic Evil,19,,,,,,,,,,,,,,,,,,1,Monster Manual,55,Infernal Machine Rebuild 60
Bandit,Medium,Humanoid,Any Race,Any Non-Lawful,1/8,,,,,,,1,1,1,1,,1,,,,1,,,Monster Manual,343,
Bandit Captain,Medium,Humanoid,Any Race,Any Non-Lawful,2,,,,,,,1,1,1,1,,1,,,,1,,,Monster Manual,344,Infernal Machine Rebuild 52
Banshee,Medium,Undead,,Chaotic Evil,4,,,,,,,,1,,1,,,,,,,,,Monster Manual,23,
Barbed Devil,Medium,Fiend,Devil,Lawful Neutral,5,,,,,,,,,,,,,,,,,,1,Monster Manual,70,Rise of Tiamat Online Supplement 8
Barlgura,Large,Fiend,Demon,Chaotic Evil,5,1,,,,,,,,,,,,,,,,,1,Monster Manual,46,
Basilisk,Medium,Monstrosity,,Unaligned,3,,,,,,,,,,,,,1,,,,,,Monster Manual,24,
Bat,Tiny,Beast,,Unaligned,0,,,,,1,,,1,,1,,1,1,1,1,,1,,Monster Manual,318,Player's Handbook 304
Bearded Devil,Medium,Fiend,Devil,Lawful Neutral,3,,,,,,,,,,,,,,,,,,1,Monster Manual,70,Rise of Tiamat Online Supplement 8
Behir,Huge,Monstrosity,,Neutral Evil,11,,,,,,,,,,,,,,,1,,,,Monster Manual,25,
Beholder,Large,Aberration,Beholder,Lawful Neutral,13,,1,,,,,,,,,,,,,1,,,,Monster Manual,28,
Beholder (in lair),Large,Aberration,Beholder,Lawful Neutral,14,,1,1,,,,,,,,,,,,1,,,,Monster Manual,28,
Beholder Zombie,Large,Undead,Beholder,Neutral Evil,5,,,,,,,,,,,,,,,1,,,,Monster Manual,316,
Berserker,Medium,Humanoid,Any Race,Any Chaotic,2,,,,,,,1,1,1,1,,1,1,,,,,,Monster Manual,344,
Black Bear,Medium,Beast,,Unaligned,1/2,,,,,,,,,,1,,,,,,,,,Monster Manual,318,"Infernal Machine Rebuild 61, Player's Handbook 304"
Black Dragon Wyrmling,Medium,Dragon,,Chaotic Evil,2,,,,,,,,,,,,,,1,,,,,Monster Manual,88,
Black Pudding,Large,Ooze,,Unaligned,4,,,,,,,,,,,,,,,1,,,,Monster Manual,241,
Blink Dog,Medium,Fey,,Lawful Good,1/4,,,,,,,,,,1,,,,,,,,,Monster Manual,318,
Blood Hawk,Small,Beast,,Unaligned,1/8,,,,,,,1,1,,1,1,1,1,,,,,,Monster Manual,319,
Blue Dragon Wyrmling,Medium,Dragon,,Lawful Neutral,3,,,,,,,,1,1,,,,,,,,,,Monster Manual,91,
Blue Slaad,Large,Aberration,,Chaotic Neutral,7,,,,,,,,,,,,,,,,,,1,Monster Manual,276,
Boar,Medium,Beast,,Unaligned,1/4,,,,,,,,,,1,1,,,,,,,,Monster Manual,319,Player's Handbook 304
Bone Devil,Large,Fiend,Devil,Lawful Neutral,9,,,,,,,,,,,,,,,,,,1,Monster Manual,71,Rise of Tiamat Online Supplement 9
Bone Naga,Large,Undead,,Lawful Neutral,4,1,,,,,,,,,,,,,,1,,,,Monster Manual,233,
Brass Dragon Wyrmling,Medium,Dragon,,Chaotic Good,1,,,,,,,,,1,,,,,,,,,,Monster Manual,106,
Bronze Dragon Wyrmling,Medium,Dragon,,Lawful Good,2,,,,,,,,1,,,,,,,,,,,Monster Manual,109,
Brown Bear,Large,Beast,,Unaligned,1,,,,,,,1,,,1,,1,,,,,,,Monster Manual,319,"Infernal Machine Rebuild 62, Player's Handbook 304"
Bugbear,Medium,Humanoid,Goblinoid,Chaotic Evil,1,,,,,,,,,,1,1,,,,1,,,,Monster Manual,33,"Lost Mines of Phandelver 56, The Lost Dungeon of Rickedness: Big Rick Energy 36"
Bugbear Chief,Medium,Humanoid,Goblinoid,Chaotic Evil,3,,,,,,,,,,1,1,,,,1,,,,Monster Manual,33,
Bulette,Large,Monstrosity,,Unaligned,5,,,,,,,,,,,1,1,1,,,,,,Monster Manual,34,
Bullywug,Medium,Humanoid,Bullywug,Neutral Evil,1/4,,,,,,,,,,,,,,1,,,,,Monster Manual,35,
Cambion,Medium,Fiend,,Any Evil,5,,,,,,,,,,,,,,,,,1,,Monster Manual,36,
Camel,Large,Beast,,Unaligned,1/8,,,,,,,,,1,,,,,,,,,,Monster Manual,320,
Carrion Crawler,Large,Monstrosity,,Unaligned,2,1,,,,,,,,,,,,,,1,,,,Monster Manual,37,
Cat,Tiny,Beast,,Unaligned,0,,,,,1,,,,,1,1,,,,,,1,,Monster Manual,320,"Infernal Machine Rebuild 62, Player's Handbook 305"
Centaur,Large,Monstrosity,,Neutral Good,2,,,,,,,,,,1,1,,,,,,,,Monster Manual,38,
Chain Devil,Medium,Fiend,Devil,Lawful Neutral,8,,,,,,,,,,,,,,,,,,1,Monster Manual,72,
Chasme,Large,Fiend,Demon,Chaotic Evil,6,,,,,,,,,,,,,,,,,,1,Monster Manual,57,
Chimera,Large,Monstrosity,,Chaotic Evil,6,,,,,,,,,,,1,1,1,,1,,,,Monster Manual,39,Rise of Tiamat Online Supplement 9
Chuul,Large,Aberration,,Chaotic Evil,4,,,,,,,,,,,,,,,1,,,,Monster Manual,40,Rise of Tiamat Online Supplement 10
Clay Golem,Large,Construct,,Unaligned,9,,,,,,,1,,1,1,1,1,1,1,1,,1,1,Monster Manual,168,Rise of Tiamat Online Supplement 10
Cloaker,Large,Aberration,,Chaotic Neutral,8,,,,,,,,,,,,,,,1,,,,Monster Manual,41,
Cloud Giant,Huge,Giant,Cloud Giant,Neutral Good,9,1,,,,,,,,,,,,1,,,,,,Monster Manual,154,
Cockatrice,Small,Monstrosity,,Unaligned,1/2,,,,,,,,,,,1,,,,,,,,Monster Manual,42,
Commoner,Medium,Humanoid,Any Race,Any,0,,,,,,,1,1,1,1,1,1,,,,,1,,Monster Manual,345,"Lost Mines of Phandelver 56, Rise of Tiamat Online Supplement 11, The Lost Dungeon of Rickedness: Big Rick Energy 36"
Constrictor Snake,Large,Beast,,Unaligned,1/4,,,,,,,,,1,1,,,,1,,1,,,Monster Manual,320,Player's Handbook 305
Copper Dragon Wyrmling,Medium,Dragon,,Chaotic Good,1,,,,,,,,,,,,1,,,,,,,Monster Manual,112,
Couatl,Medium,Celestial,,Lawful Good,4,1,,,,,,,,1,1,1,,,,,,1,,Monster Manual,43,
Crab,Tiny,Beast,,Unaligned,0,,,,,1,,,1,,,,,,,,,,,Monster Manual,320,
Crawling Claw,Tiny,Undead,,Neutral Evil,0,,,,,Ã¸,,,,,,,,,,,,1,,Monster Manual,44,
Crocodile,Large,Beast,,Unaligned,1/2,,,,,,,,,,,,,,1,,,1,,Monster Manual,320,Player's Handbook 305
Cult Fanatic,Medium,Humanoid,Any Race,Any Non-Good,2,1,,,,,,,,,,,,,,,,1,,Monster Manual,345,"Infernal Machine Rebuild 53, Rise of Tiamat Online Supplement 11"
Cultist,Medium,Humanoid,Any Race,Any Non-Good,1/8,,,,,,,,,,,,,,,,,1,,Monster Manual,345,"Infernal Machine Rebuild 53, Lost Mines of Phandelver 56, Rise of Tiamat Online Supplement 11, The Lost Dungeon of Rickedness: Big Rick Energy 36"
Cyclops,Huge,Giant,,Chaotic Neutral,6,,,,,,,,1,1,,1,1,1,,1,,,,Monster Manual,45,Rise of Tiamat Online Supplement 11
Dao,Large,Elemental,,Neutral Evil,11,1,,,,,,,,,,,,,,1,,,,Monster Manual,143,Rise of Tiamat Online Supplement 12
Darkmantle,Small,Monstrosity,,Unaligned,1/2,,,,,,,,,,,,,,,1,,,,Monster Manual,46,
Death Dog,Medium,Monstrosity,,Neutral Evil,1,,,,,,,,,1,,,,,,,,,,Monster Manual,321,
Death Knight,Medium,Undead,,Chaotic Evil,17,1,,,,,,,,,,,,,,,,1,,Monster Manual,47,
Death Slaad,Medium,Aberration,Shapechanger,Chaotic Evil,10,1,,,,,,,,,,,,,,,,,1,Monster Manual,278,
Death Tyrant,Large,Undead,Beholder,Lawful Neutral,14,,1,,,,,,,,,,,,,1,,,,Monster Manual,29,
Death Tyrant (in lair),Large,Undead,,Lawful Neutral,15,,1,1,,,,,,,,,,,,1,,,,Monster Manual,29,
Deer,Medium,Beast,,Unaligned,0,,,,,,,,,,1,1,,,,,,,,Monster Manual,321,
Demilich,Tiny,Undead,,Neutral Evil,18,,1,,,,,,,,,,,,,1,,,,Monster Manual,48,
Demilich (in lair),Tiny,Undead,,Neutral Evil,20,,1,1,,,,,,,,,,,,1,,,,Monster Manual,48,
Deva,Medium,Celestial,,Lawful Good,10,1,,,,,,,,,,,,,,,,,1,Monster Manual,16,
Dire Wolf,Large,Beast,,Unaligned,1,,,,,,,,,,1,,1,,,,,,,Monster Manual,321,Player's Handbook 305
Displacer Beast,Large,Monstrosity,,Lawful Neutral,3,,,,,,,,,,1,,,,,,,,,Monster Manual,81,
Djinni,Large,Elemental,,Chaotic Good,11,1,,,,,,,1,,,,,,,,,,,Monster Manual,144,
Doppelganger,Medium,Monstrosity,Shapechanger,Neutral,3,,,,,,,,,,,,,,,1,,1,,Monster Manual,82,"Infernal Machine Rebuild 63, Lost Mines of Phandelver 56"
Draft Horse,Large,Beast,,Unaligned,1/4,,,,,,,,,,,,,,,,,1,,Monster Manual,321,
Dragon Turtle,Gargantuan,Dragon,,Neutral,17,,,,,,,,1,,,,,,,,1,,,Monster Manual,119,
Dretch,Small,Fiend,Demon,Chaotic Evil,1/4,,,,,,,,,,,,,,,,,,1,Monster Manual,57,
Drider,Large,Monstrosity,,Chaotic Evil,6,1,,,,,,,,,,,,,,1,,,,Monster Manual,120,
Drow,Medium,Humanoid,Elf,Neutral Evil,1/4,1,,,,,,,,,,,,,,1,,,,Monster Manual,128,
Drow Elite Warrior,Medium,Humanoid,Elf,Neutral Evil,5,1,,,,,,,,,,,,,,1,,,,Monster Manual,128,
Drow Mage,Medium,Humanoid,Elf,Neutral Evil,7,1,,,,,,,,,,,,,,1,,,,Monster Manual,129,
Drow Priestess of Lolth,Medium,Humanoid,Elf,Neutral Evil,8,1,,,,,,,,,,,,,,1,,,,Monster Manual,129,
Druid,Medium,Humanoid,Any Race,Any,2,1,,,,,,1,1,1,1,1,1,1,1,,,,,Monster Manual,346,Rise of Tiamat Online Supplement 12
Dryad,Medium,Fey,,Neutral,1,1,,,,,,,,,1,,,,,,,,,Monster Manual,121,
Duergar,Medium,Humanoid,Dwarf,Lawful Neutral,1,,,,,,,,,,,,,,,1,,,,Monster Manual,122,
Duodrone,Medium,Construct,Modron,Lawful Neutral,1/4,,,,,,,,,,,,,,,,,,1,Monster Manual,225,
Dust Mephit,Small,Elemental,,Neutral Evil,1/2,1,,,,,,,,1,,,,,,,,,,Monster Manual,215,
Eagle,Small,Beast,,Unaligned,0,,,,,,,,1,,,1,1,1,,,,,,Monster Manual,322,
Earth Elemental,Large,Elemental,,Neutral,5,,,,,,,,,,,,,,,1,,,,Monster Manual,124,Rise of Tiamat Online Supplement 13
Efreeti,Large,Elemental,,Lawful Neutral,11,1,,,,,,,,1,,,,,,,,,,Monster Manual,145,Rise of Tiamat Online Supplement 13
Elephant,Huge,Beast,,Unaligned,4,,,,,,,,,,,1,,,,,,,,Monster Manual,322,
Elk,Large,Beast,,Unaligned,1/4,,,,,,,,,,1,1,1,,,,,,,Monster Manual,322,
Empyrean,Huge,Celestial,Titan,Chaotic Good,23,1,1,,,,,,,,,,,,,,,,1,Monster Manual,130,
Erinyes,Medium,Fiend,Devil,Lawful Neutral,12,,,,,,,,,,,,,,,,,,1,Monster Manual,73,
Ettercap,Medium,Monstrosity,,Neutral Evil,2,,,,,,,,,,1,,,,,,,,,Monster Manual,131,Rise of Tiamat Online Supplement 14
Ettin,Large,Giant,,Chaotic Evil,4,,,,,,,,,,,,1,1,,,,,,Monster Manual,132,Rise of Tiamat Online Supplement 14
Fire Elemental,Large,Elemental,,Neutral,5,,,,,,,,,1,,,,,,,,,,Monster Manual,125,"Infernal Machine Rebuild 64, Rise of Tiamat Online Supplement 15"
Fire Giant,Huge,Giant,Fire Giant,Lawful Neutral,9,,,,,,,,,,,,,1,,1,,,,Monster Manual,154,
Fire Snake,Medium,Elemental,,Neutral Evil,1,,,,,,,,,,,,,,,1,,,,Monster Manual,265,
Flameskull,Tiny,Undead,,Neutral Evil,4,1,,,,,,,,,,,,,,1,,,,Monster Manual,134,"Lost Mines of Phandelver 57, The Lost Dungeon of Rickedness: Big Rick Energy 37"
Flesh Golem,Medium,Construct,,Neutral,5,,,,,,,,1,,1,1,1,,1,1,,1,1,Monster Manual,169,
Flumph,Small,Aberration,,Lawful Good,1/8,,,,,,,,,,,,,,,1,,,,Monster Manual,135,
Flying Snake,Tiny,Beast,,Unaligned,1/8,,,,,,,,,1,1,1,,,,,,1,,Monster Manual,322,
Flying Sword,Small,Construct,,Unaligned,1/4,,,,,,,1,1,1,1,1,1,1,1,1,1,1,,Monster Manual,20,
Fomorian,Huge,Giant,,Chaotic Evil,8,,,,,,,,,,,,,,,1,,,,Monster Manual,136,
Frog,Tiny,Beast,,Unaligned,0,,,,,1,,,1,,1,,,,1,1,1,,,Monster Manual,322,Player's Handbook 305
Frost Giant,Huge,Giant,Frost Giant,Neutral Evil,8,,,,,,,1,,,,,,1,,,,,,Monster Manual,155,
Galeb Duhr,Medium,Elemental,,Neutral,6,,,,,,,,,,,,1,1,,,,,,Monster Manual,139,
Gargoyle,Medium,Elemental,,Chaotic Evil,2,,,,,,,,,,,,,,,1,,1,,Monster Manual,140,
Gas Spore,Large,Plant,,Unaligned,1/2,,,,,,,,,,,,,,,1,,,,Monster Manual,138,
Gelatinous Cube,Large,Ooze,,Unaligned,2,,,,,,,,,,,,,,,1,,,,Monster Manual,242,
Ghast,Medium,Undead,Ghoul,Chaotic Evil,2,,,,,,,,,,,,,,1,1,,1,,Monster Manual,148,
Ghost,Medium,Undead,,Any,4,,,,,,,,,,,,,,,1,,1,,Monster Manual,147,Rise of Tiamat Online Supplement 15
Ghoul,Medium,Undead,Ghoul,Chaotic Evil,1,,,,,,,,,,,,,,1,1,,1,,Monster Manual,148,"Lost Mines of Phandelver 58, The Lost Dungeon of Rickedness: Big Rick Energy 38"
Giant Ape,Huge,Beast,,Unaligned,7,,,,,,,,,,1,,,,,,,,,Monster Manual,323,
Giant Badger,Medium,Beast,,Unaligned,1/4,,,,,,,,,,1,,,,,,,,,Monster Manual,323,
Giant Bat,Large,Beast,,Unaligned,1/4,,,,,,,,,,1,,,,,,,,,Monster Manual,323,
Giant Boar,Large,Beast,,Unaligned,2,,,,,,,,,,1,1,1,,,,,,,Monster Manual,323,
Giant Centipede,Small,Beast,,Unaligned,1/4,,,,,,,,,,1,1,1,,,1,,,,Monster Manual,323,
Giant Constrictor Snake,Huge,Beast,,Unaligned,2,,,,,,,,,,1,,,,1,1,1,,,Monster Manual,324,
Giant Crab,Medium,Beast,,Unaligned,1/8,,,,,,,,1,,,,,,,,,,,Monster Manual,324,
Giant Crocodile,Huge,Beast,,Unaligned,5,,,,,,,,,,,,,,1,,,,,Monster Manual,324,
Giant Eagle,Large,Beast,,Neutral Good,1,,,,,,,,1,,,1,1,1,,,,,,Monster Manual,324,Player's Handbook 306
Giant Elk,Huge,Beast,,Unaligned,2,,,,,,,,,,1,1,1,,,,,,,Monster Manual,325,
Giant Fire Beetle,Small,Beast,,Unaligned,0,,,,,,,,,,,,,,,1,,,,Monster Manual,325,
Giant Frog,Medium,Beast,,Unaligned,1/4,,,,,,,,,,1,,,,1,,,,,Monster Manual,325,
Giant Goat,Large,Beast,,Unaligned,1/2,,,,,,,,,,,1,1,1,,,,1,,Monster Manual,326,
Giant Hyena,Large,Beast,,Unaligned,1,,,,,,,,,1,1,1,1,,,,,,,Monster Manual,326,
Giant Lizard,Large,Beast,,Unaligned,1/4,,,,,,,,1,1,1,,,,1,1,,,,Monster Manual,326,
Giant Octopus,Large,Beast,,Unaligned,1,,,,,,,,,,,,,,,,1,,,Monster Manual,326,Rise of Tiamat Online Supplement 16
Giant Owl,Large,Beast,,Neutral,1/4,,,,,,,1,,,1,,1,,,,,,,Monster Manual,327,Infernal Machine Rebuild 65
Giant Poisonous Snake,Medium,Beast,,Unaligned,1/4,,,,,,,,,1,1,1,,,1,1,,1,,Monster Manual,327,
Giant Rat,Small,Beast,,Unaligned,1/8,,,,,,,,,,1,,,,1,1,,1,,Monster Manual,327,
Giant Scorpion,Large,Beast,,Unaligned,3,,,,,,,,,1,,,,,,,,,,Monster Manual,327,
Giant Sea Horse,Large,Beast,,Unaligned,1/2,,,,,,,,,,,,,,,,1,,,Monster Manual,328,
Giant Shark,Huge,Beast,,Unaligned,5,,,,,,,,,,,,,,,,1,,,Monster Manual,328,
Giant Spider,Large,Beast,Spider,Unaligned,1,,,,,,,,,1,1,,,,1,1,,1,,Monster Manual,328,"Lost Mines of Phandelver 58, Player's Handbook 306, The Lost Dungeon of Rickedness: Big Rick Energy 38"
Giant Toad,Large,Beast,,Unaligned,1,,,,,,,,1,1,1,,,,1,1,,,,Monster Manual,329,
Giant Vulture,Large,Beast,,Neutral Evil,1,,,,,,,,,1,,1,,,,,,,,Monster Manual,329,
Giant Wasp,Medium,Beast,,Unaligned,1/2,,,,,,,,,,1,1,,,,,,,,Monster Manual,329,
Giant Weasel,Medium,Beast,,Unaligned,1/8,,,,,,,,,,1,1,1,,,,,,,Monster Manual,329,
Giant Wolf Spider,Medium,Beast,Spider,Unaligned,1/4,,,,,,,,1,1,1,1,1,,,,,,,Monster Manual,330,
Gibbering Mouther,Medium,Aberration,,Neutral,2,,,,,,,,,,,,,,,1,,,,Monster Manual,157,
Githyanki Knight,Medium,Humanoid,Gith,Lawful Neutral,8,1,,,,,,,,,,,,,,,,,1,Monster Manual,160,
Githyanki Warrior,Medium,Humanoid,Gith,Lawful Neutral,3,1,,,,,,,,,,,,,,,,,1,Monster Manual,160,
Githzerai Monk,Medium,Humanoid,Gith,Lawful Neutral,2,1,,,,,,,,,,,,,,,,,1,Monster Manual,161,
Githzerai Zerth,Medium,Humanoid,Gith,Lawful Neutral,6,1,,,,,,,,,,,,,,,,,1,Monster Manual,161,
Glabrezu,Large,Fiend,Demon,Chaotic Evil,9,1,,,,,,,,,,,,,,,,,1,Monster Manual,58,
Gladiator,Medium,Humanoid,Any Race,Any,5,,,,,,,,,,,,,,,,,1,,Monster Manual,346,Rise of Tiamat Online Supplement 16
Gnoll,Medium,Humanoid,Gnoll,Chaotic Evil,1/2,,,,,,,,,1,1,1,1,,,,,,,Monster Manual,163,
Gnoll Fang of Yeenoghu,Medium,Fiend,Gnoll,Chaotic Evil,4,,,,,,,,,1,1,1,1,,,,,,,Monster Manual,163,
Gnoll Pack Lord,Medium,Humanoid,Gnoll,Chaotic Evil,2,,,,,,,,,1,1,1,1,,,,,,,Monster Manual,163,
Goat,Medium,Beast,,Unaligned,0,,,,,,,,,,,1,1,1,,,,1,,Monster Manual,330,
Goblin,Small,Humanoid,Goblinoid,Neutral Evil,1/4,,,,,,,,,,1,1,1,,,1,,,,Monster Manual,166,"Lost Mines of Phandelver 58, The Lost Dungeon of Rickedness: Big Rick Energy 39"
Goblin Boss,Small,Humanoid,Goblinoid,Neutral Evil,1,,,,,,,,,,1,1,1,,,1,,,,Monster Manual,166,
Gold Dragon Wyrmling,Medium,Dragon,,Lawful Good,3,,,,,,,,,,1,1,,,,,,,,Monster Manual,115,
Gorgon,Large,Monstrosity,,Unaligned,5,,,,,,,,,,1,1,1,,,,,,,Monster Manual,171,Rise of Tiamat Online Supplement 17
Goristro,Huge,Fiend,Demon,Chaotic Evil,17,,,,,,,,,,,,,,,,,,1,Monster Manual,59,
Gray Ooze,Medium,Ooze,,Unaligned,1/2,,,,,,,,,,,,,,,1,,,,Monster Manual,243,
Gray Slaad,Medium,Aberration,Shapechanger,Chaotic Neutral,9,1,,,,,,,,,,,,,,,,1,,Monster Manual,277,
Green Dragon Wyrmling,Medium,Dragon,,Lawful Neutral,2,,,,,,,,,,1,,,,,,,,,Monster Manual,95,
Green Hag,Medium,Fey,Hag,Neutral Evil,3,1,,,,,,,,,1,,1,,1,,,,,Monster Manual,177,Infernal Machine Rebuild 67
Green Slaad,Large,Aberration,Shapechanger,Chaotic Neutral,8,1,,,,,,,,,,,,,,,,,1,Monster Manual,277,
Grell,Medium,Aberration,,Neutral Evil,3,,,,,,,,,,,,,,,1,,,,Monster Manual,172,Infernal Machine Rebuild 68
Grick,Medium,Monstrosity,,Neutral,2,,,,,,,,,,1,,,,,1,,,,Monster Manual,173,Lost Mines of Phandelver 58
Grick Alpha,Large,Monstrosity,,Neutral,7,,,,,,,,,,1,,,,,1,,,,Monster Manual,173,
Griffon,Large,Monstrosity,,Unaligned,2,,,,,,,1,1,,,1,1,1,,,,,,Monster Manual,174,
Grimlock,Medium,Humanoid,Grimlock,Neutral Evil,1/4,,,,,,,,,,,,,,,1,,,,Monster Manual,175,
Guard,Medium,Humanoid,Any Race,Any,1/8,,,,,,,,1,1,,1,1,1,,,,1,,Monster Manual,347,Rise of Tiamat Online Supplement 17
Guardian Naga,Large,Monstrosity,,Lawful Good,10,1,,,,,,,,1,1,,,,,,,,,Monster Manual,234,
Gynosphinx,Large,Monstrosity,,Lawful Neutral,11,1,1,1,,,,,,1,,,,,,,,,,Monster Manual,282,
Half-ogre,Large,Giant,,Any Chaotic,1,,,,,,,1,,1,1,,1,1,,1,,1,,Monster Manual,38,
Half-Red Dragon Veteran,Medium,Humanoid,Human,Any,5,,,,,,1,,,,,,,,,,,1,,Monster Manual,180,"Infernal Machine Rebuild 68, Rise of Tiamat Online Supplement 17"
Harpy,Medium,Monstrosity,,Chaotic Evil,1,,,,,,,,1,,1,,1,1,,,,,,Monster Manual,181,
Hawk,Tiny,Beast,,Unaligned,0,,,,,1,,,1,,1,1,1,1,1,,,,,Monster Manual,330,Player's Handbook 306
Hell Hound,Medium,Fiend,,Lawful Neutral,3,,,,,,,,,,,,,1,,1,,,,Monster Manual,182,Infernal Machine Rebuild 69
Helmed Horror,Medium,Construct,,Neutral,4,,,,,,,,,,,,,,,,,1,,Monster Manual,183,Rise of Tiamat Online Supplement 18
Hezrou,Large,Fiend,Demon,Chaotic Evil,8,,,,,,,,,,,,,,,,,,1,Monster Manual,60,
Hill Giant,Huge,Giant,,Chaotic Evil,5,,,,,,,,,,,,1,,,,,,,Monster Manual,155,
Hippogriff,Large,Monstrosity,,Unaligned,1,,,,,,,,,,,1,1,1,,,,,,Monster Manual,184,
Hobgoblin,Medium,Humanoid,Goblinoid,Lawful Neutral,1/2,,,,,,,,,1,1,1,1,,,1,,,,Monster Manual,186,"Lost Mines of Phandelver 59, The Lost Dungeon of Rickedness: Big Rick Energy 39"
Hobgoblin Captain,Medium,Humanoid,Goblinoid,Lawful Neutral,3,,,,,,,,,1,1,1,1,,,1,,,,Monster Manual,186,
Hobgoblin Warlord,Medium,Humanoid,Goblinoid,Lawful Neutral,6,,,,,,,,,1,1,1,1,,,1,,,,Monster Manual,187,
Homunculus,Tiny,Construct,,Neutral,0,,,,,,,,,,,,,,,,,1,,Monster Manual,188,Infernal Machine Rebuild 69
Hook Horror,Large,Monstrosity,,Neutral,3,,,,,,,,,,,,,,,1,,,,Monster Manual,189,
Horned Devil,Large,Fiend,Devil,Lawful Neutral,11,,,,,,,,,,,,,,,,,,1,Monster Manual,74,
Hunter Shark,Large,Beast,,Unaligned,2,,,,,,,,,,,,,,,,1,,,Monster Manual,330,
Hydra,Huge,Monstrosity,,Unaligned,8,,,,,,,,,,,,,,1,,,,,Monster Manual,190,
Hyena,Medium,Beast,,Unaligned,0,,,,,,,,,,1,1,1,,,,,,,Monster Manual,331,
Ice Devil,Large,Fiend,Devil,Lawful Neutral,14,,,,,,,,,,,,,,,,,,1,Monster Manual,75,
Ice Mephit,Small,Elemental,,Neutral Evil,1/2,1,,,,,,1,,,,,,,,,,,,Monster Manual,215,
Imp,Tiny,Fiend,"Shapechanger, Devil",Lawful Neutral,1,,,,,v,,,,,,,,,,,,,1,Monster Manual,76,Player's Handbook 306
Incubus,Medium,Fiend,Shapechanger,Neutral Evil,4,,,,,,,,,,,,,,,,,1,,Monster Manual,285,Infernal Machine Rebuild 70
Intellect Devourer,Tiny,Aberration,,Lawful Neutral,2,,,,,,,,,,,,,,,1,,,,Monster Manual,191,
Invisible Stalker,Medium,Elemental,,Neutral,6,,,,,,,,,,,,,,,,,1,,Monster Manual,192,
Iron Golem,Large,Construct,,Unaligned,16,,,,,,,1,1,1,1,1,1,1,,1,1,1,1,Monster Manual,170,
Jackal,Small,Beast,,Unaligned,0,,,,,,,,,1,,1,,,,,,,,Monster Manual,331,
Jackalwere,Medium,Humanoid,Shapechanger,Chaotic Evil,1/2,,,,,,,,,1,,1,,,,,,,,Monster Manual,193,
Kenku,Medium,Humanoid,Kenku,Chaotic Neutral,1/4,,,,,,,,,,1,,,,,,,1,,Monster Manual,194,
Killer Whale,Huge,Beast,,Unaligned,3,,,,,,,,,,,,,,,,1,,,Monster Manual,331,
Knight,Medium,Humanoid,Any Race,Any,3,,,,,,,,,,,,,,,,,1,,Monster Manual,347,Rise of Tiamat Online Supplement 18
Kobold,Small,Humanoid,Kobold,Lawful Neutral,1/8,,,,,,,1,1,1,,,1,1,1,1,,1,,Monster Manual,195,Rise of Tiamat Online Supplement 19
Kraken,Gargantuan,Monstrosity,Titan,Chaotic Evil,23,,1,1,,,,,,,,,,,,,1,,,Monster Manual,197,
Kuo-toa,Medium,Humanoid,Kuo-Toa,Neutral Evil,1/4,,,,,,,,,,,,,,,1,,,,Monster Manual,199,
Kuo-toa Archpriest,Medium,Humanoid,Kuo-Toa,Neutral Evil,6,1,,,,,,,,,,,,,,1,,,,Monster Manual,200,
Kuo-toa Whip,Medium,Humanoid,Kuo-Toa,Neutral Evil,1,1,,,,,,,,,,,,,,1,,,,Monster Manual,200,
Lamia,Large,Monstrosity,,Chaotic Evil,4,1,,,,,,,,1,,,,,,,,,,Monster Manual,201,
Lemure,Medium,Fiend,Devil,Lawful Neutral,0,,,,,,,,,,,,,,,,,,1,Monster Manual,76,
Lich,Medium,Undead,,Any Evil,21,1,1,,,,,1,1,1,1,1,1,1,1,1,1,1,,Monster Manual,202,
Lich (in lair),Medium,Undead,,Any Evil,22,1,1,1,,,,1,1,1,1,1,1,1,1,1,1,1,,Monster Manual,202,
Lion,Large,Beast,,Unaligned,1,,,,,,,,,1,,1,1,1,,,,,,Monster Manual,331,Player's Handbook 307
Lizard,Tiny,Beast,,Unaligned,0,,,,,1,,,1,,1,1,1,,1,1,,,,Monster Manual,332,
Lizard King/Queen,Medium,Humanoid,Lizardfolk,Chaotic Evil,4,,,,,,,,,,1,,,,1,,,,,Monster Manual,205,
Lizardfolk,Medium,Humanoid,Lizardfolk,Neutral,1/2,,,,,,,,,,1,,,,1,,,,,Monster Manual,204,"Infernal Machine Rebuild 70, Rise of Tiamat Online Supplement 19"
Lizardfolk Shaman,Medium,Humanoid,Lizardfolk,Neutral,2,1,,,,,,,,,1,,,,1,,,,,Monster Manual,205,Infernal Machine Rebuild 72
Mage,Medium,Humanoid,Any Race,Any,6,1,,,,,,,,,,,,,,,,1,,Monster Manual,347,Rise of Tiamat Online Supplement 19
Magma Mephit,Small,Elemental,,Neutral Evil,1/2,1,,,,,,,,,,,,,,1,,,,Monster Manual,216,
Magmin,Small,Elemental,,Chaotic Neutral,1/2,,,,,,,,,,,,,,,,,,1,Monster Manual,212,
Mammoth,Huge,Beast,,Unaligned,6,,,,,,,1,,,,,,,,,,,,Monster Manual,332,
Manes,Small,Fiend,Demon,Chaotic Evil,1/8,,,,,,,,,,,,,,,,,,1,Monster Manual,60,
Manticore,Large,Monstrosity,,Lawful Neutral,3,,,,,,,1,1,,,1,1,1,,,,,,Monster Manual,213,
Marid,Large,Elemental,,Chaotic Neutral,11,1,,,,,,,1,,,,,,,,1,,,Monster Manual,146,
Marilith,Large,Fiend,Demon,Chaotic Evil,16,,,,,,,,,,,,,,,,,,1,Monster Manual,61,
Mastiff,Medium,Beast,,Unaligned,1/8,,,,,,,,,,1,,1,,,,,1,,Monster Manual,332,Player's Handbook 307
Medusa,Medium,Monstrosity,,Lawful Neutral,6,,,,,,,,,1,,,,,,,,,,Monster Manual,214,Infernal Machine Rebuild 73
Merfolk,Medium,Humanoid,Merfolk,Neutral,1/8,,,,,,,,1,,,,,,,,1,,,Monster Manual,218,
Merrow,Large,Monstrosity,,Chaotic Evil,2,,,,,,,,1,,,,,,,,1,,,Monster Manual,219,Rise of Tiamat Online Supplement 19
Mezzoloth,Medium,Fiend,Yugoloth,Neutral Evil,5,1,,,,,,,,,,,,,,,,,1,Monster Manual,313,
Mimic,Medium,Monstrosity,Shapechanger,Neutral,2,,,,,,,,,,,,,,,1,,1,,Monster Manual,220,"Infernal Machine Rebuild 73, The Lost Dungeon of Rickedness: Big Rick Energy 39"
Mind Flayer,Medium,Aberration,,Lawful Neutral,7,1,,,,,,,,,,,,,,1,,,,Monster Manual,222,
Mind Flayer Arcanist,Medium,Aberration,,Lawful Neutral,8,,,,,,,,,,,,,,,1,,,,Monster Manual,222,Lost Laboratory of Kwalish 45
Minotaur,Large,Monstrosity,,Chaotic Evil,3,,,,,,,,,,,,,,,1,,,,Monster Manual,223,
Minotaur Skeleton,Large,Undead,,Lawful Neutral,2,,,,,,,,,,,,,,,1,,,,Monster Manual,273,Infernal Machine Rebuild 74
Monodrone,Medium,Construct,Modron,Lawful Neutral,1/8,,,,,,,,,,,,,,,,,,1,Monster Manual,224,
Mud Mephit,Small,Elemental,,Neutral Evil,1/4,,,,,,,,,,,,,,1,,,,,Monster Manual,216,
Mule,Medium,Beast,,Unaligned,1/8,,,,,,,,,1,,,1,,,,,1,,Monster Manual,333,Player's Handbook 307
Mummy,Medium,Undead,Mummy,Lawful Neutral,3,,,,,,,,,1,,,,,,,,,,Monster Manual,228,Rise of Tiamat Online Supplement 20
Mummy Lord,Medium,Undead,Mummy,Lawful Neutral,15,1,1,,,,,,,1,,,,,,,,,,Monster Manual,229,Rise of Tiamat Online Supplement 20
Mummy Lord (in lair),Medium,Undead,Mummy,Lawful Neutral,16,1,1,1,,,,,,1,,,,,,,,,,Monster Manual,229,
Myconid Adult,Medium,Plant,Myconid,Lawful Neutral,1/2,,,,,,,,,,,,,,,1,,,,Monster Manual,232,
Myconid Sovereign,Large,Plant,Myconid,Lawful Neutral,2,,,,,,,,,,,,,,,1,,,,Monster Manual,232,Infernal Machine Rebuild 74
Myconid Sprout,Small,Plant,Myconid,Lawful Neutral,0,,,,,,,,,,,,,,,1,,,,Monster Manual,230,
Nalfeshnee,Large,Fiend,Demon,Chaotic Evil,13,,,,,,,,,,,,,,,,,,1,Monster Manual,62,
Needle Blight,Medium,Plant,,Neutral Evil,1/4,,,,,,,,,,1,,,,,,,,,Monster Manual,32,
Night Hag,Medium,Fiend,,Neutral Evil,5,1,,,,,,,,,,,,,,,,,1,Monster Manual,178,
Nightmare,Large,Fiend,,Neutral Evil,3,,,,,,,,,,,,,,,,,,1,Monster Manual,235,Infernal Machine Rebuild 76
Noble,Medium,Humanoid,Any Race,Any,1/8,,,,,,,,,,,,,,,,,1,,Monster Manual,348,"Infernal Machine Rebuild 55, Rise of Tiamat Online Supplement 21"
Nothic,Medium,Aberration,,Neutral Evil,2,,,,,,,,,,,,,,,1,,,,Monster Manual,236,"Lost Mines of Phandelver 60, The Lost Dungeon of Rickedness: Big Rick Energy 40"
Nycaloth,Large,Fiend,Yugoloth,Neutral Evil,9,1,,,,,,,,,,,,,,,,,1,Monster Manual,314,
Ochre Jelly,Large,Ooze,,Unaligned,2,,,,,,,,,,,,,,,1,,,,Monster Manual,243,"Lost Mines of Phandelver 60, The Lost Dungeon of Rickedness: Big Rick Energy 40"
Octopus,Small,Beast,,Unaligned,0,,,,,1,,,1,,,,,,,,1,,,Monster Manual,333,Infernal Machine Rebuild 76
Ogre,Large,Giant,,Chaotic Evil,2,,,,,,,1,1,1,1,1,1,1,1,1,,,,Monster Manual,237,"Lost Mines of Phandelver 60, Rise of Tiamat Online Supplement 21, The Lost Dungeon of Rickedness: Big Rick Energy 41"
Ogre Zombie,Large,Undead,,Neutral Evil,2,,,,,,,,,,,,,,,,,1,,Monster Manual,316,
Oni,Large,Giant,,Lawful Neutral,7,1,,,,,,,,,1,,,,,,,1,,Monster Manual,239,
Orc,Medium,Humanoid,Orc,Chaotic Evil,1/2,,,,,,,1,,,1,1,1,1,1,1,,,,Monster Manual,246,"Lost Mines of Phandelver 61, The Lost Dungeon of Rickedness: Big Rick Energy 41"
Orc Eye of Gruumsh,Medium,Humanoid,Orc,Chaotic Evil,2,1,,,,,,1,,,1,1,1,1,1,1,,,,Monster Manual,247,
Orc War Chief,Medium,Humanoid,Orc,Chaotic Evil,4,,,,,,,1,,,1,1,1,1,1,1,,,,Monster Manual,246,
Orog,Medium,Humanoid,Orc,Chaotic Evil,2,,,,,,,1,,,1,1,1,1,,1,,,,Monster Manual,247,
Otyugh,Large,Aberration,,Neutral,5,,,,,,,,,,,,,,,1,,,,Monster Manual,248,"Infernal Machine Rebuild 76, Rise of Tiamat Online Supplement 21"
Owl,Tiny,Beast,,Unaligned,0,,,,,1,,1,,,1,,,,,,,,,Monster Manual,333,"Infernal Machine Rebuild 77, Player's Handbook 308"
Owlbear,Large,Monstrosity,,Unaligned,3,,,,,,,,,,1,,,,,,,,,Monster Manual,249,"Infernal Machine Rebuild 77, Lost Mines of Phandelver 61, The Lost Dungeon of Rickedness: Big Rick Energy 41"
Panther,Medium,Beast,"Leopard, Cougar",Unaligned,1/4,,,,,,,,,,1,1,1,,,,,,,Monster Manual,333,Player's Handbook 308
Pegasus,Large,Celestial,,Chaotic Good,2,,,,,,,,,,1,1,1,,,,,,,Monster Manual,250,
Pentadrone,Large,Construct,Modron,Lawful Neutral,2,,,,,,,,,,,,,,,,,,1,Monster Manual,226,
Peryton,Medium,Monstrosity,,Chaotic Evil,2,,,,,,,,,,,,1,1,,,,,,Monster Manual,251,
Phase Spider,Large,Monstrosity,,Unaligned,3,,,,,,,,,1,1,1,1,,,1,,1,,Monster Manual,334,
Piercer,Medium,Monstrosity,,Unaligned,1/2,,,,,,,,,,,,,,,1,,,,Monster Manual,252,
Pit Fiend,Large,Fiend,Devil,Lawful Neutral,20,1,,,,,,,,,,,,,,,,,1,Monster Manual,77,
Pixie,Tiny,Fey,,Neutral Good,1/4,1,,,,,,,,,1,,,,,,,,,Monster Manual,253,Infernal Machine Rebuild 77
Planetar,Large,Celestial,,Lawful Good,16,1,,,,,,,,,,,,,,,,,1,Monster Manual,17,
Plesiosaurus,Large,Beast,Dinosaur,Unaligned,2,,,,,,,,1,,,,,,,,1,,,Monster Manual,80,
Poisonous Snake,Tiny,Beast,,Unaligned,1/8,,,,,1,,,1,1,1,1,1,,1,,,,,Monster Manual,334,"Infernal Machine Rebuild 78, Player's Handbook 308"
Polar Bear,Large,Beast,Cave Bear,Unaligned,2,,,,,,,1,,,,,,,,1,,,,Monster Manual,334,"Infernal Machine Rebuild 78, Rise of Tiamat Online Supplement 22"
Pony,Medium,Beast,,Unaligned,1/8,,,,,,,,,,,,,,,,,1,,Monster Manual,335,
Priest,Medium,Humanoid,Any Race,Any,2,1,,,,,,,,,,,,,,,,1,,Monster Manual,348,
Pseudodragon,Tiny,Dragon,,Neutral Good,1/4,,,,,v,,,1,1,1,,1,1,,,,1,,Monster Manual,254,"Infernal Machine Rebuild 78, Player's Handbook 308, Rise of Tiamat Online Supplement 22"
Pteranodon,Medium,Beast,Dinosaur,Unaligned,1/4,,,,,,,,1,,,1,,1,,,,,,Monster Manual,80,
Purple Worm,Gargantuan,Monstrosity,,Unaligned,15,,,,,,,,,1,,,,,,1,,,,Monster Manual,255,
Quadrone,Medium,Construct,Modron,Lawful Neutral,1,,,,,,,,,,,,,,,,,,1,Monster Manual,226,
Quaggoth,Medium,Humanoid,Quaggoth,Chaotic Neutral,2,,,,,,,,,,,,,,,1,,,,Monster Manual,256,
Quaggoth Spore Servant,Medium,Plant,,Unaligned,1,,,,,,1,,,,,,,,,1,,,,Monster Manual,230,
Quaggoth Thonot,Medium,Humanoid,Quaggoth,Chaotic Neutral,3,1,,,,,,,,,,,,,,1,,,,Monster Manual,256,
Quasit,Tiny,Fiend,"Shapechanger, Demon",Chaotic Evil,1,,,,,v,,,,,,,,,,,,,1,Monster Manual,63,Player's Handbook 309
Quipper,Tiny,Beast,,Unaligned,0,,,,,1,,,,,,,,,,,1,,,Monster Manual,335,
Rakshasa,Medium,Fiend,,Lawful Neutral,13,1,,,,,,,,,,,,,,,,1,,Monster Manual,257,
Rat,Tiny,Beast,,Unaligned,0,,,,,1,,,,,,,,,1,,,1,,Monster Manual,335,Player's Handbook 309
Raven,Tiny,Beast,,Unaligned,0,,,,,1,,,,,,,,,1,,,1,,Monster Manual,335,Player's Handbook 309
Red Dragon Wyrmling,Medium,Dragon,,Chaotic Evil,4,,,,,,,,,,,,1,1,,,,,,Monster Manual,98,
Red Slaad,Large,Aberration,,Chaotic Neutral,5,,,,,,,,,,,,,,,,,,1,Monster Manual,276,
Reef Shark,Medium,Beast,,Unaligned,1/2,,,,,,,,,,,,,,,,1,,,Monster Manual,336,Player's Handbook 309
Remorhaz,Huge,Monstrosity,,Unaligned,11,,,,,,,1,,,,,,,,,,,,Monster Manual,258,
Revenant,Medium,Undead,,Neutral,5,,,,,,,1,,1,1,,1,,1,,,1,,Monster Manual,259,
Rhinoceros,Large,Beast,,Unaligned,2,,,,,,,,,,,1,,,,,,,,Monster Manual,336,
Riding Horse,Large,Beast,,Unaligned,1/4,,,,,,,,,,,1,,,,,,1,,Monster Manual,336,Player's Handbook 310
Roc,Gargantuan,Monstrosity,,Unaligned,11,,,,,,,1,1,1,,,1,1,,,,,,Monster Manual,260,
Roper,Large,Monstrosity,,Neutral Evil,5,,,,,,,,,,,,,,,1,,,,Monster Manual,261,
Rug of Smothering,Large,Construct,,Unaligned,2,,,,,,,,,,,,,,,,,1,,Monster Manual,20,
Rust Monster,Medium,Monstrosity,,Unaligned,1/2,,,,,,,,,,,,,,,1,,,,Monster Manual,262,
Saber-Toothed Tiger,Large,Beast,,Unaligned,2,,,,,,,1,,,,,,1,,,,,,Monster Manual,336,
Sahuagin,Medium,Humanoid,Sahuagin,Lawful Neutral,1/2,,,,,,,,1,,,,,,,,1,,,Monster Manual,263,
Sahuagin Baron,Large,Humanoid,Sahuagin,Lawful Neutral,5,,,,,,,,1,,,,,,,,1,,,Monster Manual,264,
Sahuagin Priestess,Medium,Humanoid,Sahuagin,Lawful Neutral,2,1,,,,,,,1,,,,,,,,1,,,Monster Manual,264,
Salamander,Large,Elemental,,Neutral Evil,5,,,,,,,,,,,,,,,1,,,,Monster Manual,266,
Satyr,Medium,Fey,,Chaotic Neutral,1/2,,,,,,,,,,1,,,,,,,,,Monster Manual,267,Infernal Machine Rebuild 80
Scarecrow,Medium,Construct,,Chaotic Evil,1,,,,,,,,,,,1,,,,,,,,Monster Manual,268,
Scorpion,Tiny,Beast,,Unaligned,0,,,,,,,,,1,,,,,,,,,,Monster Manual,337,
Scout,Medium,Humanoid,Any Race,Any,1/2,,,,,,,1,1,1,,1,1,1,1,1,,,,Monster Manual,349,
Sea Hag,Medium,Fey,Hag,Chaotic Evil,2,1,,,,,,,1,,,,,,,,1,,,Monster Manual,179,
Sea Horse,Tiny,Beast,,Unaligned,0,,,,,1,,,,,,,,,,,1,,,Monster Manual,337,
Shadow,Medium,Undead,,Chaotic Evil,1/2,,,,,,,,,,,,,,,1,,1,,Monster Manual,269,Infernal Machine Rebuild 80
Shadow Demon,Medium,Fiend,Demon,Chaotic Evil,4,,,,,,,,,,,,,,,,,,1,Monster Manual,64,
Shambling Mound,Large,Plant,,Unaligned,5,,,,,,,,,,1,,,,,,,,,Monster Manual,270,
Shield Guardian,Large,Construct,,Unaligned,7,,,,,,,,,,,,,,,,,1,,Monster Manual,271,
Shrieker,Medium,Plant,,Unaligned,0,,,,,,,,,,,,,,,1,,,,Monster Manual,138,
Silver Dragon Wyrmling,Medium,Dragon,,Lawful Good,2,,,,,,,,,,,,,1,,,,1,,Monster Manual,118,
Skeleton,Medium,Undead,,Lawful Neutral,1/4,,,,,,,,,,,,,,,,,1,,Monster Manual,272,"Infernal Machine Rebuild 82, Lost Mines of Phandelver 62, Player's Handbook 310, The Lost Dungeon of Rickedness: Big Rick Energy 42"
Slaad Tadpole,Tiny,Aberration,,Chaotic Neutral,1/8,,,,,,,,,,,,,,,,,,1,Monster Manual,276,
Smoke Mephit,Small,Elemental,,Neutral Evil,1/4,1,,,,,,,,,,,,,,,,1,,Monster Manual,217,
Solar,Large,Celestial,,Lawful Good,21,1,1,,,,,,,,,,,,,,,,1,Monster Manual,18,
Spectator,Medium,Aberration,Beholder,Lawful Neutral,3,,,,,,,,,,,,,,,1,,1,,Monster Manual,30,"Lost Mines of Phandelver 62, The Lost Dungeon of Rickedness: Big Rick Energy 42"
Specter,Medium,Undead,,Chaotic Evil,1,,,,,,,,,,,,,,,1,,1,,Monster Manual,279,Rise of Tiamat Online Supplement 22
Specter (poltergeist),Medium,Undead,,Chaotic Evil,2,,,,,,,,,,,,,,,1,,1,,Monster Manual,279,
Spider,Tiny,Beast,,Unaligned,0,,,,,1,,,,1,1,1,1,1,1,1,,1,,Monster Manual,337,
Spined Devil,Small,Fiend,Devil,Lawful Neutral,2,,,,,,,,,,,,,,,,,,1,Monster Manual,78,
Spirit Naga,Large,Monstrosity,,Chaotic Evil,8,1,,,,,,,,,,,,,,1,,,,Monster Manual,234,
Sprite,Tiny,Fey,,Neutral Good,1/4,,,,,,,,,,1,,,,,,,,,Monster Manual,283,"Infernal Machine Rebuild 83, Player's Handbook 310"
Spy,Medium,Humanoid,Any Race,Any,1,,,,,,,,,,,,,,,,,1,,Monster Manual,349,Infernal Machine Rebuild 56
Steam Mephit,Small,Elemental,,Neutral Evil,1/4,1,,,,,,,,,,,,,,,1,,,Monster Manual,217,
Stirge,Tiny,Beast,,Unaligned,1/8,,,,,,,,1,1,1,1,1,1,1,1,,1,,Monster Manual,284,"Infernal Machine Rebuild 83, Lost Mines of Phandelver 62, The Lost Dungeon of Rickedness: Big Rick Energy 43"
Stone Giant,Huge,Giant,Stone Giant,Neutral,7,,,,,,,,,,,,1,1,,1,,,,Monster Manual,156,
Stone Golem,Large,Construct,,Unaligned,10,,,,,,,1,1,1,1,1,1,1,1,1,1,1,1,Monster Manual,170,Infernal Machine Rebuild 84
Storm Giant,Huge,Giant,Storm Giant,Chaotic Good,13,1,,,,,,,1,,,,,1,,,1,,,Monster Manual,156,
Succubus,Medium,Fiend,Shapechanger,Neutral Evil,4,,,,,,,,,,,,,,,,,1,,Monster Manual,285,"Rise of Tiamat Online Supplement, 23"
Svirfneblin,Small,Humanoid,Deep Gnome,Neutral Good,1/2,1,,,,,,,,,,,,,,1,,,,Monster Manual,164,
Swarm of Bats,Medium,Beast,,Unaligned,1/4,,,,,,,,,,,,1,1,,,,1,,Monster Manual,337,
Swarm of Insects,Medium,Beast,,Unaligned,1/2,,,,,,,,,1,1,1,1,,1,1,,1,,Monster Manual,338,Infernal Machine Rebuild 84
Swarm of Poisonous Snakes,Medium,Beast,,Unaligned,2,,,,,,,,,,1,,,,1,,,,,Monster Manual,338,Rise of Tiamat Online Supplement 23
Swarm of Quippers,Medium,Beast,,Unaligned,1,,,,,,,,,,,,,,,,1,,,Monster Manual,338,
Swarm of Rats,Medium,Beast,,Unaligned,1/4,,,,,,,,,,,,,,1,,,1,,Monster Manual,339,
Swarm of Ravens,Medium,Beast,,Unaligned,1/4,,,,,,,,,,1,,1,,1,,,1,,Monster Manual,339,Rise of Tiamat Online Supplement 23
Tarrasque,Gargantuan,Monstrosity,Titan,Unaligned,30,,1,,1,,,,,,,,,,,,,1,,Monster Manual,286,Infernal Machine Rebuild 85
Thri-Kreen,Medium,Humanoid,Thri-Kreen,Chaotic Neutral,1,,,,,,,,,1,,1,,,,,,,,Monster Manual,288,
Thug,Medium,Humanoid,Any Race,Any Non-Good,1/2,,,,,,,,,,,,,,,,,1,,Monster Manual,350,
Tiger,Large,Beast,,Unaligned,1,,,,,,,,,,1,1,,,,,,,,Monster Manual,339,Player's Handbook 311
Treant,Huge,Plant,,Chaotic Good,9,,,,,,,,,,1,,,,,,,,,Monster Manual,289,Infernal Machine Rebuild 88
Tribal Warrior,Medium,Humanoid,Any Race,Any,1/8,,,,,,,1,1,1,1,1,1,1,1,1,,,,Monster Manual,350,Rise of Tiamat Online Supplement 24
Triceratops,Huge,Beast,Dinosaur,Unaligned,5,,,,,,,,,,,1,,,,,,,,Monster Manual,80,
Tridrone,Medium,Construct,Modron,Lawful Neutral,1/2,,,,,,,,,,,,,,,,,,1,Monster Manual,225,
Troglodyte,Medium,Humanoid,Troglodyte,Chaotic Evil,1/4,,,,,,,,,,,,,,,1,,,,Monster Manual,290,
Troll,Large,Giant,,Chaotic Evil,5,,,,,,,1,,,1,,1,1,1,1,,,,Monster Manual,291,Rise of Tiamat Online Supplement 24
Twig Blight,Small,Plant,,Neutral Evil,1/8,,,,,,,,,,1,,,,,,,,,Monster Manual,32,"Lost Mines of Phandelver 63, The Lost Dungeon of Rickedness: Big Rick Energy 43"
Tyrannosaurus Rex,Huge,Beast,Dinosaur,Unaligned,8,,,,,,,,,,,1,,,,,,,,Monster Manual,80,
Ultroloth,Medium,Fiend,Yugoloth,Neutral Evil,13,1,,,,,,,,,,,,,,,,,1,Monster Manual,314,
Umber Hulk,Large,Monstrosity,,Chaotic Evil,5,,,,,,,,,,,,,,,1,,,,Monster Manual,292,Infernal Machine Rebuild 90
Unicorn,Large,Celestial,,Lawful Good,5,1,1,1,,,,,,,1,,,,,,,,,Monster Manual,294,Infernal Machine Rebuild 91
Vampire,Medium,Undead,"Shapechanger, Vampire",Lawful Neutral,13,,1,1,,,,,,,,,,,,,,1,,Monster Manual,297,Rise of Tiamat Online Supplement 25
Vampire (spellcaster),Medium,Undead,"Shapechanger, Vampire",Lawful Neutral,15,1,1,1,,,,,,,,,,,,,,1,,Monster Manual,297,
Vampire (warrior),Medium,Undead,"Shapechanger, Vampire",Lawful Neutral,15,,1,1,,,,,,,,,,,,,,1,,Monster Manual,297,
Vampire Spawn,Medium,Undead,"Shapechanger, Vampire",Neutral Evil,5,,,,,,,,,,,,,,,1,,1,,Monster Manual,298,Rise of Tiamat Online Supplement 24
Veteran,Medium,Humanoid,Any Race,Any,3,,,,,,,1,1,,1,1,1,1,,1,,1,,Monster Manual,350,
Vine Blight,Medium,Plant,,Neutral Evil,1/2,,,,,,,,,,1,,,,,,,,,Monster Manual,32,
Violet Fungus,Medium,Plant,,Unaligned,1/4,,,,,,,,,,,,,,,1,,,,Monster Manual,138,
Vrock,Large,Fiend,Demon,Chaotic Evil,6,,,,,,,,,,,,,,,,,,1,Monster Manual,64,
Vulture,Medium,Beast,,Unaligned,0,,,,,,,,,1,,1,1,,,,,,,Monster Manual,339,
Warhorse,Large,Beast,,Unaligned,1/2,,,,,,,,,,,,,,,,,1,,Monster Manual,340,"Player's Handbook 311, Rise of Tiamat Online Supplement 26"
Warhorse Skeleton,Large,Undead,,Lawful Neutral,1/2,,,,,,,,,,,,,,,,,1,,Monster Manual,272,
Water Elemental,Large,Elemental,,Neutral,5,,,,,,,,1,,,,,,1,,1,,,Monster Manual,125,Rise of Tiamat Online Supplement 26
Water Weird,Large,Elemental,,Neutral,3,,,,,,,,,,,,,,,1,1,1,,Monster Manual,299,
Weasel,Tiny,Beast,,Unaligned,0,,,,,1,,,,,1,1,1,,,,,,,Monster Manual,340,
Werebear,Medium,Humanoid,"Shapechanger, Human",Neutral Good,5,,,,,,,1,,,1,,1,,,,,,,Monster Manual,208,
Wereboar,Medium,Humanoid,"Shapechanger, Human",Neutral Evil,4,,,,,,,,,,1,1,1,,,,,,,Monster Manual,209,
Wererat,Medium,Humanoid,"Shapechanger, Human",Lawful Neutral,2,,,,,,,,,,1,,,,,,,,,Monster Manual,209,Infernal Machine Rebuild 92
Weretiger,Medium,Humanoid,"Shapechanger, Human",Neutral,4,,,,,,,,,1,1,1,,,,,,,,Monster Manual,210,
Werewolf,Medium,Humanoid,"Shapechanger, Human",Chaotic Evil,3,,,,,,,,,,1,,1,,,,,,,Monster Manual,211,
White Dragon Wyrmling,Medium,Dragon,,Chaotic Evil,2,,,,,,,1,,,,,,,,,,,,Monster Manual,102,
Wight,Medium,Undead,,Neutral Evil,3,,,,,,,,,1,,,,,1,1,,1,,Monster Manual,300,Rise of Tiamat Online Supplement 27
Will-o-wisp,Tiny,Undead,,Chaotic Evil,2,,,,,,,,,,1,,,,1,,,1,,Monster Manual,301,
Winged Kobold,Small,Humanoid,Kobold,Lawful Neutral,1/4,,,,,,,1,1,1,1,,1,1,1,1,,1,,Monster Manual,195,
Winter Wolf,Large,Monstrosity,,Neutral Evil,3,,,,,,,1,,,1,,1,,,,,,,Monster Manual,340,
Wolf,Medium,Beast,,Unaligned,1/4,,,,,,,,,,1,1,1,,,,,,,Monster Manual,341,"Lost Mines of Phandelver 63, Player's Handbook 311, Rise of Tiamat Online Supplement 27"
Worg,Large,Monstrosity,,Neutral Evil,1/2,,,,,,,,,,1,1,1,,,,,,,Monster Manual,341,
Wraith,Medium,Undead,,Neutral Evil,5,,,,,,,,,,,,,,,1,,,,Monster Manual,302,Rise of Tiamat Online Supplement 28
Wyvern,Large,Dragon,,Unaligned,6,,,,,,,,,,,,1,1,,,,,,Monster Manual,303,
Xorn,Medium,Elemental,,Neutral,5,,,,,,,,,,,,,,,1,,,,Monster Manual,304,
Yeti,Large,Monstrosity,,Chaotic Evil,3,,,,,,,1,,,,,,,,,,,,Monster Manual,305,
Yochlol,Medium,Fiend,"Shapechanger, Demon",Chaotic Evil,10,1,,,,,,,,,,,,,,,,,1,Monster Manual,65,
Young Black Dragon,Large,Dragon,,Chaotic Evil,7,,,,,,,,,,,,,,1,,,,,Monster Manual,88,
Young Blue Dragon,Large,Dragon,,Lawful Neutral,9,,,,,,,,1,1,,,,,,,,,,Monster Manual,91,
Young Brass Dragon,Large,Dragon,,Chaotic Good,6,,,,,,,,,1,,,,,,,,,,Monster Manual,105,
Young Bronze Dragon,Large,Dragon,,Lawful Good,8,,,,,,,,1,,,,,,,,,,,Monster Manual,108,
Young Copper Dragon,Large,Dragon,,Chaotic Good,7,,,,,,,,,,,,1,,,,,,,Monster Manual,111,
Young Faerie Dragon,Tiny,Dragon,,Chaotic Good,1,1,,,,,,,,,1,,,,,,,,,Monster Manual,133,
Young Gold Dragon,Large,Dragon,,Lawful Good,10,,,,,,,,,,1,1,,,,,,,,Monster Manual,115,
Young Green Dragon,Large,Dragon,,Lawful Neutral,8,,,,,,,,,,1,,,,,,,,,Monster Manual,94,"Lost Mines of Phandelver 63, The Lost Dungeon of Rickedness: Big Rick Energy 44"
Young Red Dragon,Large,Dragon,,Chaotic Evil,10,,,,,,,,,,,,1,1,,,,,,Monster Manual,98,
Young Red Shadow Dragon,Large,Dragon,,Chaotic Evil,13,,,,,,1,,,,,,,,,1,,,,Monster Manual,85,
Young Remorhaz,Large,Monstrosity,,Unaligned,5,,,,,,,1,,,,,,,,,,,,Monster Manual,258,
Young Silver Dragon,Large,Dragon,,Lawful Good,9,,,,,,,,,,,,,1,,,,1,,Monster Manual,118,
Young White Dragon,Large,Dragon,,Chaotic Evil,6,,,,,,,1,,,,,,,,,,,,Monster Manual,101,
Yuan-Ti Abomination,Large,Monstrosity,"Shapechanger, Yuan-Ti",Neutral Evil,7,1,,,,,,,,1,1,,,,1,,,1,,Monster Manual,308,Rise of Tiamat Online Supplement 28
Yuan-Ti Malison,Medium,Monstrosity,"Shapechanger, Yuan-Ti",Neutral Evil,3,1,,,,,,,,1,1,,,,1,,,,,Monster Manual,309,Rise of Tiamat Online Supplement 29
Yuan-Ti Pureblood,Medium,Humanoid,"Shapechanger, Yuan-Ti",Neutral Evil,1,1,,,,,,,,1,1,,,,1,,,,,Monster Manual,310,Rise of Tiamat Online Supplement 29
Zombie,Medium,Undead,,Neutral Evil,1/4,,,,,,,,,,,,,,,,,1,,Monster Manual,316,"Lost Mines of Phandelver 63, Player's Handbook 311, The Lost Dungeon of Rickedness: Big Rick Energy 44"